{"sections":{"main":{"type":"cart","blocks":{"cart-message":{"type":"cart-message","settings":{}},"free-shipping":{"type":"free-shipping","settings":{"message":"You are ||amount|| away from free shipping.","free_shipping_gradient":""}},"order-note":{"type":"order-note","disabled":true,"settings":{}},"gift-note":{"type":"gift-note","settings":{}},"upsell-products":{"type":"upsell-products","settings":{}},"checkout-buttons":{"type":"checkout-buttons","settings":{}}},"block_order":["free-shipping","order-note","gift-note","cart-message","checkout-buttons","upsell-products"],"settings":{}}},"order":["main"]}