{"sections":{"main":{"type":"main-page","settings":{"align_text":"text-center"}},"faq-first":{"type":"section-accordion-group","blocks":{"faq-heading":{"type":"heading","settings":{"title":"FAQ"}},"faq-0":{"type":"question","settings":{}},"faq-1":{"type":"question","settings":{}},"faq-2":{"type":"question","settings":{}}},"block_order":["faq-heading","faq-0","faq-1","faq-2"],"settings":{"padding_top":50,"padding_bottom":50}},"faq-second":{"type":"section-accordion-group","blocks":{"heading-0":{"type":"heading","settings":{"title":"Shipping questions"}},"question-1":{"type":"question","settings":{}},"question-2":{"type":"question","settings":{}},"question-3":{"type":"question","settings":{}}},"block_order":["heading-0","question-1","question-2","question-3"],"settings":{"padding_top":50,"padding_bottom":50}},"faq-third":{"type":"section-accordion-group","blocks":{"heading-0":{"type":"heading","settings":{"title":"Returns questions"}},"question-1":{"type":"question","settings":{}},"question-2":{"type":"question","settings":{}},"question-3":{"type":"question","settings":{}}},"block_order":["heading-0","question-1","question-2","question-3"],"settings":{"padding_top":50,"padding_bottom":50}},"icons":{"type":"section-text-row","blocks":{"icon-0":{"type":"icon","settings":{"icon_name":"icon-shield","title":"Secure transactions","text":"<p>Transactions are handled with bank-grade security.<\/p>"}},"icon-1":{"type":"icon","settings":{"icon_name":"icon-recycle","title":"Simple checkout","text":"<p>Our secure checkout is quick and easy to use.<\/p>"}},"icon-2":{"type":"icon","settings":{"icon_name":"icon-chat","title":"Get in touch","text":"<p>Have questions? Get in touch with us at any time.<\/p>"}}},"block_order":["icon-0","icon-1","icon-2"],"settings":{}}},"order":["main","faq-first","faq-second","faq-third","icons"]}