{"sections":{"main":{"type":"product","blocks":{"title":{"type":"title","settings":{"subheading_option":"collection","heading_font_size":"heading-large","padding_bottom":8}},"price":{"type":"price","settings":{"text_font_size":"body-medium","padding_bottom":16}},"variants":{"type":"variants","settings":{"info_page":"","size_chart_style":"text","subscriptions_enable_selectors":false,"padding_bottom":16}},"buttons":{"type":"buttons","settings":{"show_quantity":false,"button_type":"btn--primary","button_style":"btn--solid","show_payment_button":false,"button_type_dynamic":"btn--secondary","button_style_dynamic":"btn--solid","show_gift_card_recipient":false,"padding_bottom":32}},"pickup":{"type":"pickup","disabled":true,"settings":{"padding_bottom":32}},"tabs":{"type":"tab_richtext","settings":{"show_description":true,"show_read_more":false,"title_1":"Tab","raw_content_1":"<p>This content type will accept <strong>rich text<\/strong> to help with adding styles and links to additional pages or content. Use this to add supplementary information to help your buyers.<\/p>","title_2":"Info","raw_content_2":"<p>You can use product metafields to assign content to this tab that is unique to an individual product.  Use tabs to highlight unique features, sizing information, or other sales information.<\/p>","title_3":"","raw_content_3":"","title_4":"","raw_content_4":"","title_5":"","raw_content_5":"","padding_bottom":0}},"divider_1":{"type":"divider","settings":{"show_line":true,"padding_bottom":16}},"upsell":{"type":"upsell","settings":{"upsell_product":"","upsell_product_list":"{{ block.settings.upsell_product.metafields[\"shopify--discovery--product_recommendation\"].related_products.value }}","show_avaialable_upsell_only":false,"bg_color":"","padding_bottom":16}},"icon_1":{"type":"icon","settings":{"icon_name":"icon-email","icon_size":20,"icon_color":"","text":"<p>Title<\/p>","text_font_size":"body-medium","width":"full","padding_bottom":16}},"icon_2":{"type":"icon","settings":{"icon_name":"icon-truck","icon_size":20,"icon_color":"","text":"<p>Title<\/p>","text_font_size":"body-medium","width":"full","padding_bottom":16}}},"block_order":["title","price","variants","buttons","pickup","tabs","divider_1","upsell","icon_1","icon_2"],"settings":{"product_sticky_enable":false,"variant_image_scroll":true,"show_cart_bar":false,"enable_zoom":true,"enable_video_looping":true,"image_layout":"grid-2","image_size":"small","mobile_image_style":"slider","color_scheme":"","padding_top":0,"padding_bottom":0}},"faq":{"type":"section-accordion","blocks":{"faq-1":{"type":"text","settings":{"title":"Frequently asked question","heading_font_size":"heading-small","text":"<p>Use this to answer some common questions you hear from your customers. You could discuss product details, size fit, shipping policies, or anything you think would help merchants make an informed decision about your products. This section will appear across all products.<\/p>"}},"faq-2":{"type":"text","settings":{"title":"Frequently asked question","heading_font_size":"heading-small","text":"<p>Use this to answer some common questions you hear from your customers. You could discuss product details, size fit, shipping policies, or anything you think would help merchants make an informed decision about your products. This section will appear across all products.<\/p>"}},"faq-3":{"type":"text","settings":{"title":"Frequently asked question","heading_font_size":"heading-small","text":"<p>Use this to answer some common questions you hear from your customers. You could discuss product details, size fit, shipping policies, or anything you think would help merchants make an informed decision about your products. This section will appear across all products.<\/p>"}},"faq-4":{"type":"text","settings":{"title":"Frequently asked question","heading_font_size":"heading-small","text":"<p>Use this to answer some common questions you hear from your customers. You could discuss product details, size fit, shipping policies, or anything you think would help merchants make an informed decision about your products. This section will appear across all products.<\/p>"}}},"block_order":["faq-1","faq-2","faq-3","faq-4"],"settings":{"default_open":false,"title":"FAQ","heading_font_size":"heading-small","show_icon":false,"icon_name":"icon-award","icon_size":20,"width":"wrapper","color_scheme":"","icon_color":"","padding_top":30,"padding_bottom":0}},"shipping":{"type":"section-accordion","blocks":{"shipping-0":{"type":"icon","settings":{"icon_name":"icon-fast-shipment","icon_size":20,"icon_color":"","title":"Fast shipping","heading_font_size":"heading-small","icon_alignment":"left","text":"<p>Use this to answer some common questions you hear from your customers. You could discuss product details, size fit, shipping policies, or anything you think would help merchants make an informed decision about your products. This section will appear across all products.<\/p>","text_alignment":"text-left"}},"shipping-1":{"type":"icon","settings":{"icon_name":"icon-box","icon_size":20,"icon_color":"","title":"Order tracking","heading_font_size":"heading-small","icon_alignment":"left","text":"<p>Use this to answer some common questions you hear from your customers. You could discuss product details, size fit, shipping policies, or anything you think would help merchants make an informed decision about your products. This section will appear across all products.<\/p>","text_alignment":"text-left"}},"shipping-2":{"type":"icon","settings":{"icon_name":"icon-chat","icon_size":20,"icon_color":"","title":"Get in touch","heading_font_size":"heading-small","icon_alignment":"left","text":"<p>Use this to answer some common questions you hear from your customers. You could discuss product details, size fit, shipping policies, or anything you think would help merchants make an informed decision about your products. This section will appear across all products.<\/p>","text_alignment":"text-left"}}},"block_order":["shipping-0","shipping-1","shipping-2"],"settings":{"default_open":false,"title":"Shipping","heading_font_size":"heading-small","show_icon":false,"icon_name":"icon-award","icon_size":20,"width":"wrapper","color_scheme":"","icon_color":"","padding_top":0,"padding_bottom":0}},"about":{"type":"section-accordion","blocks":{"about-0":{"type":"image","settings":{"title":"Image heading","heading_font_size":"heading-small","text":"<p>Use this to answer some common questions you hear from your customers. You could discuss product details, size fit, shipping policies, or anything you think would help merchants make an informed decision about your products. This section will appear across all products.<\/p>","aspect_ratio":0.6}},"about-1":{"type":"image","settings":{"title":"Image heading","heading_font_size":"heading-small","text":"<p>Use this to answer some common questions you hear from your customers. You could discuss product details, size fit, shipping policies, or anything you think would help merchants make an informed decision about your products. This section will appear across all products.<\/p>","aspect_ratio":0.6}},"about-2":{"type":"image","settings":{"title":"Image heading","heading_font_size":"heading-small","text":"<p>Use this to answer some common questions you hear from your customers. You could discuss product details, size fit, shipping policies, or anything you think would help merchants make an informed decision about your products. This section will appear across all products.<\/p>","aspect_ratio":0.6}}},"block_order":["about-0","about-1","about-2"],"settings":{"default_open":false,"title":"About us","heading_font_size":"heading-small","show_icon":false,"icon_name":"icon-award","icon_size":20,"width":"wrapper","color_scheme":"","icon_color":"","padding_top":0,"padding_bottom":30}},"custom":{"type":"section-custom-content","blocks":{"custom-0":{"type":"image","settings":{"title":"","heading_font_size":"heading-large","text":"","text_font_size":"body-medium","flex_align":"align--middle-center","show_text_background":false,"bg_color":"","color":"","overlay_opacity":0,"overlay_color":"","show_overlay_text":false,"link_text":"","link":"","button_type":"btn--primary","button_size":"","button_style":"btn--solid","show_arrow":false,"heading_tag":"automatic"}},"custom-1":{"type":"text","settings":{"subheading":"Introducing","title":"Product feature","heading_font_size":"heading-large","text":"<p>Use this section to create unique side-by-side layouts with various content blocks. Pair text with images, newsletter blocks, products, videos, testimonials and more.<\/p>","text_font_size":"body-medium","button_text":"","button_url":"","button_type":"btn--primary","button_size":"","button_style":"btn--solid","show_arrow":false,"show_social_links":false,"text_columns":1,"align_text":"text-left","bg_color":"#f7f7f7","color":"","heading_tag":"automatic"}}},"block_order":["custom-0","custom-1"],"settings":{"borders":false,"gutters":false,"width":"wrapper--full-padded","height":"screen-height-one-half","mobile_height":"screen-height-one-half--mobile","reverse_blocks":false,"color_scheme":"","padding_top":0,"padding_bottom":0}},"imgtxt":{"type":"section-custom-content","blocks":{"imgtxt-0":{"type":"text","settings":{"subheading":"Introducing","title":"Another feature","heading_font_size":"heading-large","text":"<p>Use this section to create unique side-by-side layouts with various content blocks. Pair text with images, newsletter blocks, products, videos, testimonials and more.<\/p>","text_font_size":"body-medium","button_text":"","button_url":"","button_type":"btn--primary","button_size":"","button_style":"btn--solid","show_arrow":false,"show_social_links":false,"text_columns":1,"align_text":"text-left","bg_color":"#f7f7f7","color":"","heading_tag":"automatic"}},"imgtxt-1":{"type":"image","settings":{"title":"","heading_font_size":"heading-large","text":"","text_font_size":"body-medium","flex_align":"align--middle-center","show_text_background":false,"bg_color":"","color":"","overlay_opacity":0,"overlay_color":"","show_overlay_text":false,"link_text":"","link":"","button_type":"btn--primary","button_size":"","button_style":"btn--solid","show_arrow":false,"heading_tag":"automatic"}}},"block_order":["imgtxt-0","imgtxt-1"],"settings":{"borders":false,"gutters":false,"width":"wrapper--full-padded","height":"screen-height-one-half","mobile_height":"screen-height-one-half--mobile","reverse_blocks":false,"color_scheme":"","padding_top":0,"padding_bottom":0}},"related":{"type":"related","blocks":{"related":{"type":"related","settings":{"product_recommendations_heading":"Related products","limit":4}},"recent":{"type":"recent","settings":{"product_recently_heading":"Recently viewed","product_recently_limit":4}}},"block_order":["related","recent"],"settings":{"enable_tabs":true,"heading_alignment":"text-center","heading_font_size":"heading-small","layout_mobile":"slider","color_scheme":"","padding_top":30,"padding_bottom":0}}},"order":["main","faq","shipping","about","custom","imgtxt","related"]}