{"type":"custom.pre_footer","name":"Pre-footer","sections":{"section-newsletter":{"type":"section-newsletter","blocks":{"newsletter-0":{"type":"image","disabled":true,"settings":{"title":"Join Our Newsletter","color":"#FFFFFF"}},"newsletter-1":{"type":"newsletter","disabled":true,"settings":{"text":"<p>Subscribe to get special offers, free giveaways, and once-in-a-lifetime deals.<\/p>","show_name":true}}},"block_order":["newsletter-0","newsletter-1"],"settings":{"width":"wrapper--full","height":"three-fifty-height-hero","padding_top":0,"padding_bottom":0}}},"order":["section-newsletter"]}