{"type":"header","name":"Header","sections":{"announcement":{"type":"announcement","blocks":{"message_GDtqma":{"type":"message","settings":{"show_wheel":false,"message":"You are ||amount|| away from free shipping.","target_url_enabled":false,"target_url":"","target_referrer_enabled":false,"target_referrer":"","target_device_enabled":false,"target_device":"mobile"}}},"block_order":["message_GDtqma"],"settings":{"show_border":false,"layout":"slider","slider_speed":7,"text_alignment":"center","show_arrows":false,"marquee_speed":100,"message_spacing":5,"text_font_size":"body-small","color_scheme":"scheme-5","border_color":"","padding_top":7,"padding_bottom":7}},"header":{"type":"header","blocks":{"toolbar_GHjNH6":{"type":"toolbar","settings":{"text":"<p>Toolbar<\/p>","menu":"main-menu","show_border":false,"border_color":"","border_opacity":50,"show_social_links":false,"show_gift_card":false,"show_locale_selector":true,"show_country_selector":true,"show_country_name":false,"show_country_flag":true,"color_scheme":"scheme_1","padding_top":0,"padding_bottom":0}}},"block_order":["toolbar_GHjNH6"],"custom_css":[],"settings":{"header_sticky":false,"header_style":"logo_center_menu_left","show_separator_line":true,"header_border_color":"","separator_opacity":50,"show_icons":true,"icon_as_circle":true,"cart_icon_family":"cart","logo":"{{ shop.brand.logo }}","logo_max_limit":120,"logo_max_limit_mobile":120,"main_menu_linklist":"main-menu","mobile_menu_linklist":"customer-account-main-menu","enable_search":true,"show_social_icons":true,"button_text":"","button_link":"","button_type":"btn--primary","show_locale_selector":true,"show_country_selector":true,"show_country_name":true,"show_country_flag":true,"highlight_item":"Sale","highlight_item_color":"#ffffff","transparent_home":true,"transparent_collection":true,"transparent_article":true,"transparent_page":true,"transparent_product_page":true,"secondary_menu_linklist":"","tertiary_menu_linklist":"","padding_top":15,"padding_bottom":15}}},"order":["announcement","header"]}